{"cameraMode":{"drawMode":0,"name":"Shaded","section":"Shading Mode"},"sceneLighting":false,"audioPlay":false,"sceneViewState":{"m_AlwaysRefresh":false,"showFog":true,"showSkybox":false,"showFlares":true,"showImageEffects":true,"showParticleSystems":true,"showVisualEffectGraphs":true,"m_FxEnabled":true},"in2DMode":false,"pivot":{"x":0.5958849787712097,"y":1.7244905233383179,"z":-1.4098317623138428},"rotation":{"x":-0.3095422089099884,"y":0.057574350386857989,"z":-0.018780184909701349,"w":-0.9489623308181763},"size":1.2247449159622193,"orthographic":false}